Name,Field
Alex Yang,Accounting
Alex Zhang,Accounting
Antony Gray,Accounting
Chloe Ho,Accounting
Collette Chesters,Accounting
Daniel Cahill,Accounting
David Gilchrist,Accounting
Dirk Baur,Accounting
Duc Vo,Accounting
Elizabeth Ooi,Accounting
Farhan Shazia,Accounting
Fe'ama Brass,Accounting
Frank Liu,Accounting
Gary Smith,Accounting
George Shan,Accounting
Glen Hutchings,Accounting
Joey Yang,Accounting
Kam Chan,Accounting
Lai Hoang,Accounting
Lee Smales,Accounting
Leo Langa,Accounting
Lyndie Bayne,Accounting
Mark Holub,Accounting
Mosharraf Hossain,Accounting
Nikki Schonfeldt,Accounting
Paul Gerrans,Accounting
Phil Hancock,Accounting
Prerana Agrawal,Accounting
Raymond Da Silva Rosa,Accounting
Ricky Chung,Accounting
Rui Zhong,Accounting
Russell Poskitt,Accounting
Stijn Masschelein,Accounting
Thanesvary Subraamanniam,Accounting
Thao Hoang,Accounting
Vincent Chong,Accounting
Warrick Van Zyl,Accounting
Yeok-Fun Mah,Accounting
Yihui Lan,Accounting
Yuanji Wen,Accounting
